Ticker,Sinal,Tipo,Preço,POI,POI Preço,Zona,SL,TP1,RR,Dist. POI,Nota MTF
PMLL11,bear,BOS,103.45,OB (MT),105.19,premium,106.42,95.75,7.67,-1.7%,Aguardar CHOCH interno LTF no M15 para confirmar absorção
EZTC3,bear,BOS,14.02,OB (MT),15.72,premium,16.46,9.48,8.43,-10.8%,Aguardar CHOCH interno LTF no M15 para confirmar absorção
VISC11,bear,BOS,103.93,OB (MT),106.89,premium,107.38,94.73,24.82,-2.8%,Aguardar CHOCH interno LTF no M15 para confirmar absorção
SLCE3,bear,BOS,16.62,OB (MT),19.27,premium,19.5,10.7,37.26,-13.8%,Aguardar CHOCH interno LTF no M15 para confirmar absorção
AURE3,bear,BOS,13.14,OB (MT),14.48,premium,14.67,9.37,26.89,-9.3%,Aguardar CHOCH interno LTF no M15 para confirmar absorção
ITUB4,bear,BOS,44.14,OB (MT),48.13,premium,48.71,34.23,23.97,-8.3%,Aguardar CHOCH interno LTF no M15 para confirmar absorção
B3SA3,bear,BOS,18.43,OB (MT),19.34,premium,19.8,13.51,12.67,-4.7%,Aguardar CHOCH interno LTF no M15 para confirmar absorção
CPLE3,bear,CHOCH,16.07,OB (MT),16.57,premium,16.89,12.88,11.53,-3.0%,Aguardar CHOCH interno LTF no M15 para confirmar absorção
FRAS3,bear,BOS,22.68,OB (MT),24.66,premium,25.15,18.55,12.47,-8.0%,Aguardar CHOCH interno LTF no M15 para confirmar absorção
